pa_id,player_id,match_id
PA-1,P-82216,M-2022-01
PA-2,P-75628,M-2022-01
PA-3,P-44851,M-2022-01
PA-4,P-52697,M-2022-01
PA-5,P-28364,M-2022-01
PA-6,P-56347,M-2022-01
PA-7,P-29713,M-2022-01
PA-8,P-34543,M-2022-01
PA-9,P-56839,M-2022-01
PA-10,P-13973,M-2022-01
PA-11,P-62543,M-2022-01
PA-12,P-02839,M-2022-01
PA-13,P-78091,M-2022-01
PA-14,P-96347,M-2022-01
PA-15,P-75912,M-2022-01
PA-16,P-47319,M-2022-01
PA-17,P-33804,M-2022-01
PA-18,P-38732,M-2022-01
PA-19,P-15161,M-2022-01
PA-20,P-70879,M-2022-01
PA-21,P-01930,M-2022-01
PA-22,P-95754,M-2022-01
PA-23,P-01258,M-2022-01
PA-24,P-97800,M-2022-01
PA-25,P-12810,M-2022-01
PA-26,P-17048,M-2022-01
PA-27,P-00052,M-2022-01
PA-28,P-90689,M-2022-01
PA-29,P-15674,M-2022-02
PA-30,P-31219,M-2022-02
PA-31,P-10501,M-2022-02
PA-32,P-21153,M-2022-02
PA-33,P-58924,M-2022-02
PA-34,P-02465,M-2022-02
PA-35,P-90012,M-2022-02
PA-36,P-70618,M-2022-02
PA-37,P-59837,M-2022-02
PA-38,P-84787,M-2022-02
PA-39,P-76842,M-2022-02
PA-40,P-36400,M-2022-02
PA-41,P-21553,M-2022-02
PA-42,P-92628,M-2022-02
PA-43,P-25937,M-2022-02
PA-44,P-22844,M-2022-02
PA-45,P-09113,M-2022-02
PA-46,P-20998,M-2022-02
PA-47,P-98747,M-2022-02
PA-48,P-95374,M-2022-02
PA-49,P-45653,M-2022-02
PA-50,P-75785,M-2022-02
PA-51,P-28492,M-2022-02
PA-52,P-15905,M-2022-02
PA-53,P-98775,M-2022-02
PA-54,P-74612,M-2022-02
PA-55,P-68842,M-2022-02
PA-56,P-74098,M-2022-02
PA-57,P-84382,M-2022-02
PA-58,P-42215,M-2022-02
PA-59,P-29864,M-2022-02
PA-60,P-85860,M-2022-02
PA-61,P-04541,M-2022-02
PA-62,P-64438,M-2022-03
PA-63,P-10326,M-2022-03
PA-64,P-44799,M-2022-03
PA-65,P-39861,M-2022-03
PA-66,P-27540,M-2022-03
PA-67,P-97615,M-2022-03
PA-68,P-28911,M-2022-03
PA-69,P-57087,M-2022-03
PA-70,P-42078,M-2022-03
PA-71,P-35705,M-2022-03
PA-72,P-82000,M-2022-03
PA-73,P-17688,M-2022-03
PA-74,P-73572,M-2022-03
PA-75,P-55965,M-2022-03
PA-76,P-56029,M-2022-03
PA-77,P-90626,M-2022-03
PA-78,P-33622,M-2022-03
PA-79,P-77769,M-2022-03
PA-80,P-09292,M-2022-03
PA-81,P-88928,M-2022-03
PA-82,P-40621,M-2022-03
PA-83,P-45280,M-2022-03
PA-84,P-86937,M-2022-03
PA-85,P-54506,M-2022-03
PA-86,P-47321,M-2022-03
PA-87,P-55140,M-2022-03
PA-88,P-96697,M-2022-03
PA-89,P-45399,M-2022-03
PA-90,P-55298,M-2022-03
PA-91,P-37935,M-2022-03
PA-92,P-03484,M-2022-04
PA-93,P-86410,M-2022-04
PA-94,P-14151,M-2022-04
PA-95,P-89452,M-2022-04
PA-96,P-68952,M-2022-04
PA-97,P-77402,M-2022-04
PA-98,P-59571,M-2022-04
PA-99,P-11737,M-2022-04
PA-100,P-26367,M-2022-04
PA-101,P-70867,M-2022-04
PA-102,P-94647,M-2022-04
PA-103,P-48903,M-2022-04
PA-104,P-30252,M-2022-04
PA-105,P-68131,M-2022-04
PA-106,P-95273,M-2022-04
PA-107,P-57029,M-2022-04
PA-108,P-50398,M-2022-04
PA-109,P-63927,M-2022-04
PA-110,P-41198,M-2022-04
PA-111,P-46457,M-2022-04
PA-112,P-74707,M-2022-04
PA-113,P-57098,M-2022-04
PA-114,P-74888,M-2022-04
PA-115,P-10657,M-2022-04
PA-116,P-69082,M-2022-04
PA-117,P-86951,M-2022-04
PA-118,P-56503,M-2022-04
PA-119,P-38105,M-2022-04
PA-120,P-20564,M-2022-04
PA-121,P-87190,M-2022-04
PA-122,P-94779,M-2022-04
PA-123,P-73712,M-2022-05
PA-124,P-37314,M-2022-05
PA-125,P-42113,M-2022-05
PA-126,P-10739,M-2022-05
PA-127,P-10231,M-2022-05
PA-128,P-13162,M-2022-05
PA-129,P-81505,M-2022-05
PA-130,P-23070,M-2022-05
PA-131,P-14758,M-2022-05
PA-132,P-84430,M-2022-05
PA-133,P-49114,M-2022-05
PA-134,P-27582,M-2022-05
PA-135,P-79650,M-2022-05
PA-136,P-35173,M-2022-05
PA-137,P-19776,M-2022-05
PA-138,P-08125,M-2022-05
PA-139,P-76864,M-2022-05
PA-140,P-12335,M-2022-05
PA-141,P-94422,M-2022-05
PA-142,P-87284,M-2022-05
PA-143,P-89845,M-2022-05
PA-144,P-70583,M-2022-05
PA-145,P-93688,M-2022-05
PA-146,P-06789,M-2022-05
PA-147,P-20216,M-2022-05
PA-148,P-85438,M-2022-05
PA-149,P-45457,M-2022-05
PA-150,P-37308,M-2022-05
PA-151,P-93173,M-2022-05
PA-152,P-40487,M-2022-05
PA-153,P-91268,M-2022-05
PA-154,P-43705,M-2022-06
PA-155,P-18923,M-2022-06
PA-156,P-29053,M-2022-06
PA-157,P-57782,M-2022-06
PA-158,P-57615,M-2022-06
PA-159,P-72592,M-2022-06
PA-160,P-50104,M-2022-06
PA-161,P-98199,M-2022-06
PA-162,P-26593,M-2022-06
PA-163,P-14988,M-2022-06
PA-164,P-82877,M-2022-06
PA-165,P-70516,M-2022-06
PA-166,P-39995,M-2022-06
PA-167,P-82313,M-2022-06
PA-168,P-58755,M-2022-06
PA-169,P-64924,M-2022-06
PA-170,P-45680,M-2022-06
PA-171,P-11879,M-2022-06
PA-172,P-32803,M-2022-06
PA-173,P-49094,M-2022-06
PA-174,P-11346,M-2022-06
PA-175,P-27079,M-2022-06
PA-176,P-21865,M-2022-06
PA-177,P-29063,M-2022-06
PA-178,P-48887,M-2022-06
PA-179,P-81706,M-2022-06
PA-180,P-25741,M-2022-06
PA-181,P-90867,M-2022-06
PA-182,P-47815,M-2022-06
PA-183,P-69793,M-2022-06
PA-184,P-73455,M-2022-06
PA-185,P-81433,M-2022-07
PA-186,P-49806,M-2022-07
PA-187,P-80088,M-2022-07
PA-188,P-42911,M-2022-07
PA-189,P-57865,M-2022-07
PA-190,P-24705,M-2022-07
PA-191,P-49482,M-2022-07
PA-192,P-36212,M-2022-07
PA-193,P-21208,M-2022-07
PA-194,P-80826,M-2022-07
PA-195,P-19618,M-2022-07
PA-196,P-24062,M-2022-07
PA-197,P-64182,M-2022-07
PA-198,P-26546,M-2022-07
PA-199,P-42160,M-2022-07
PA-200,P-14593,M-2022-07
PA-201,P-17099,M-2022-07
PA-202,P-23437,M-2022-07
PA-203,P-29046,M-2022-07
PA-204,P-83610,M-2022-07
PA-205,P-44780,M-2022-07
PA-206,P-45449,M-2022-07
PA-207,P-00549,M-2022-07
PA-208,P-12381,M-2022-07
PA-209,P-31606,M-2022-07
PA-210,P-65512,M-2022-07
PA-211,P-40498,M-2022-07
PA-212,P-32165,M-2022-07
PA-213,P-09062,M-2022-08
PA-214,P-27035,M-2022-08
PA-215,P-51118,M-2022-08
PA-216,P-67089,M-2022-08
PA-217,P-59727,M-2022-08
PA-218,P-91029,M-2022-08
PA-219,P-82010,M-2022-08
PA-220,P-34822,M-2022-08
PA-221,P-05864,M-2022-08
PA-222,P-35837,M-2022-08
PA-223,P-61979,M-2022-08
PA-224,P-51406,M-2022-08
PA-225,P-95847,M-2022-08
PA-226,P-88273,M-2022-08
PA-227,P-10244,M-2022-08
PA-228,P-89217,M-2022-08
PA-229,P-06614,M-2022-08
PA-230,P-97778,M-2022-08
PA-231,P-23304,M-2022-08
PA-232,P-89750,M-2022-08
PA-233,P-90908,M-2022-08
PA-234,P-84424,M-2022-08
PA-235,P-09867,M-2022-08
PA-236,P-86920,M-2022-08
PA-237,P-78484,M-2022-08
PA-238,P-30711,M-2022-08
PA-239,P-64077,M-2022-08
PA-240,P-60652,M-2022-08
PA-241,P-57401,M-2022-08
PA-242,P-54517,M-2022-08
PA-243,P-13613,M-2022-08
PA-244,P-03945,M-2022-08
PA-245,P-79215,M-2022-09
PA-246,P-58420,M-2022-09
PA-247,P-16484,M-2022-09
PA-248,P-07670,M-2022-09
PA-249,P-65182,M-2022-09
PA-250,P-31643,M-2022-09
PA-251,P-99988,M-2022-09
PA-252,P-56297,M-2022-09
PA-253,P-64353,M-2022-09
PA-254,P-29491,M-2022-09
PA-255,P-26942,M-2022-09
PA-256,P-89948,M-2022-09
PA-257,P-93884,M-2022-09
PA-258,P-84190,M-2022-09
PA-259,P-22160,M-2022-09
PA-260,P-47490,M-2022-09
PA-261,P-23330,M-2022-09
PA-262,P-71023,M-2022-09
PA-263,P-91543,M-2022-09
PA-264,P-59033,M-2022-09
PA-265,P-50688,M-2022-09
PA-266,P-42517,M-2022-09
PA-267,P-21052,M-2022-09
PA-268,P-45288,M-2022-09
PA-269,P-90423,M-2022-09
PA-270,P-09614,M-2022-09
PA-271,P-40619,M-2022-09
PA-272,P-05265,M-2022-09
PA-273,P-26068,M-2022-09
PA-274,P-70715,M-2022-09
PA-275,P-46246,M-2022-10
PA-276,P-75989,M-2022-10
PA-277,P-79409,M-2022-10
PA-278,P-63673,M-2022-10
PA-279,P-08896,M-2022-10
PA-280,P-77743,M-2022-10
PA-281,P-18188,M-2022-10
PA-282,P-30316,M-2022-10
PA-283,P-04137,M-2022-10
PA-284,P-47182,M-2022-10
PA-285,P-28154,M-2022-10
PA-286,P-19408,M-2022-10
PA-287,P-20804,M-2022-10
PA-288,P-51201,M-2022-10
PA-289,P-71859,M-2022-10
PA-290,P-48737,M-2022-10
PA-291,P-46913,M-2022-10
PA-292,P-58907,M-2022-10
PA-293,P-53282,M-2022-10
PA-294,P-66906,M-2022-10
PA-295,P-35225,M-2022-10
PA-296,P-86909,M-2022-10
PA-297,P-62952,M-2022-10
PA-298,P-39942,M-2022-10
PA-299,P-30206,M-2022-10
PA-300,P-05559,M-2022-10
PA-301,P-22633,M-2022-10
PA-302,P-26303,M-2022-10
PA-303,P-56398,M-2022-10
PA-304,P-82447,M-2022-10
PA-305,P-68429,M-2022-10
PA-306,P-89321,M-2022-10
PA-307,P-44957,M-2022-11
PA-308,P-09889,M-2022-11
PA-309,P-11767,M-2022-11
PA-310,P-71100,M-2022-11
PA-311,P-70812,M-2022-11
PA-312,P-02556,M-2022-11
PA-313,P-97912,M-2022-11
PA-314,P-80986,M-2022-11
PA-315,P-39281,M-2022-11
PA-316,P-37189,M-2022-11
PA-317,P-81392,M-2022-11
PA-318,P-10740,M-2022-11
PA-319,P-99590,M-2022-11
PA-320,P-24978,M-2022-11
PA-321,P-37984,M-2022-11
PA-322,P-22631,M-2022-11
PA-323,P-01416,M-2022-11
PA-324,P-09400,M-2022-11
PA-325,P-60716,M-2022-11
PA-326,P-49008,M-2022-11
PA-327,P-28010,M-2022-11
PA-328,P-88433,M-2022-11
PA-329,P-37294,M-2022-11
PA-330,P-99025,M-2022-11
PA-331,P-29274,M-2022-11
PA-332,P-40007,M-2022-11
PA-333,P-24897,M-2022-11
PA-334,P-62341,M-2022-11
PA-335,P-94271,M-2022-11
PA-336,P-30405,M-2022-11
PA-337,P-31301,M-2022-11
PA-338,P-68218,M-2022-11
PA-339,P-70547,M-2022-12
PA-340,P-13975,M-2022-12
PA-341,P-06338,M-2022-12
PA-342,P-56069,M-2022-12
PA-343,P-09658,M-2022-12
PA-344,P-48955,M-2022-12
PA-345,P-73834,M-2022-12
PA-346,P-72011,M-2022-12
PA-347,P-22930,M-2022-12
PA-348,P-21652,M-2022-12
PA-349,P-70691,M-2022-12
PA-350,P-47906,M-2022-12
PA-351,P-95312,M-2022-12
PA-352,P-64049,M-2022-12
PA-353,P-53048,M-2022-12
PA-354,P-55821,M-2022-12
PA-355,P-46263,M-2022-12
PA-356,P-96259,M-2022-12
PA-357,P-48340,M-2022-12
PA-358,P-46358,M-2022-12
PA-359,P-28794,M-2022-12
PA-360,P-35706,M-2022-12
PA-361,P-03472,M-2022-12
PA-362,P-12635,M-2022-12
PA-363,P-85670,M-2022-12
PA-364,P-01925,M-2022-12
PA-365,P-42390,M-2022-12
PA-366,P-00809,M-2022-12
PA-367,P-31806,M-2022-12
PA-368,P-27541,M-2022-12
PA-369,P-89710,M-2022-12
PA-370,P-53452,M-2022-13
PA-371,P-59303,M-2022-13
PA-372,P-06117,M-2022-13
PA-373,P-47677,M-2022-13
PA-374,P-63923,M-2022-13
PA-375,P-34633,M-2022-13
PA-376,P-39394,M-2022-13
PA-377,P-27913,M-2022-13
PA-378,P-68058,M-2022-13
PA-379,P-93209,M-2022-13
PA-380,P-67127,M-2022-13
PA-381,P-36707,M-2022-13
PA-382,P-20259,M-2022-13
PA-383,P-55367,M-2022-13
PA-384,P-38355,M-2022-13
PA-385,P-23925,M-2022-13
PA-386,P-56868,M-2022-13
PA-387,P-19193,M-2022-13
PA-388,P-19075,M-2022-13
PA-389,P-00244,M-2022-13
PA-390,P-68060,M-2022-13
PA-391,P-85577,M-2022-13
PA-392,P-25593,M-2022-13
PA-393,P-43367,M-2022-13
PA-394,P-07180,M-2022-13
PA-395,P-39460,M-2022-13
PA-396,P-63312,M-2022-13
PA-397,P-11878,M-2022-13
PA-398,P-85823,M-2022-13
PA-399,P-38927,M-2022-13
PA-400,P-77224,M-2022-13
PA-401,P-87169,M-2022-14
PA-402,P-67516,M-2022-14
PA-403,P-82889,M-2022-14
PA-404,P-61172,M-2022-14
PA-405,P-64292,M-2022-14
PA-406,P-87514,M-2022-14
PA-407,P-42523,M-2022-14
PA-408,P-07259,M-2022-14
PA-409,P-93920,M-2022-14
PA-410,P-14360,M-2022-14
PA-411,P-07233,M-2022-14
PA-412,P-10357,M-2022-14
PA-413,P-77335,M-2022-14
PA-414,P-92710,M-2022-14
PA-415,P-58791,M-2022-14
PA-416,P-59138,M-2022-14
PA-417,P-74058,M-2022-14
PA-418,P-65659,M-2022-14
PA-419,P-78440,M-2022-14
PA-420,P-18885,M-2022-14
PA-421,P-90796,M-2022-14
PA-422,P-95062,M-2022-14
PA-423,P-00232,M-2022-14
PA-424,P-30486,M-2022-14
PA-425,P-05174,M-2022-14
PA-426,P-78932,M-2022-14
PA-427,P-46785,M-2022-14
PA-428,P-18564,M-2022-14
PA-429,P-86878,M-2022-14
PA-430,P-21820,M-2022-15
PA-431,P-82956,M-2022-15
PA-432,P-51990,M-2022-15
PA-433,P-01945,M-2022-15
PA-434,P-31765,M-2022-15
PA-435,P-72363,M-2022-15
PA-436,P-59808,M-2022-15
PA-437,P-23821,M-2022-15
PA-438,P-92252,M-2022-15
PA-439,P-12913,M-2022-15
PA-440,P-07875,M-2022-15
PA-441,P-94579,M-2022-15
PA-442,P-50142,M-2022-15
PA-443,P-36105,M-2022-15
PA-444,P-14179,M-2022-15
PA-445,P-53967,M-2022-15
PA-446,P-16736,M-2022-15
PA-447,P-44689,M-2022-15
PA-448,P-54827,M-2022-15
PA-449,P-10712,M-2022-15
PA-450,P-39584,M-2022-15
PA-451,P-17931,M-2022-15
PA-452,P-67578,M-2022-15
PA-453,P-27349,M-2022-15
PA-454,P-31133,M-2022-15
PA-455,P-22983,M-2022-15
PA-456,P-78787,M-2022-15
PA-457,P-46583,M-2022-15
PA-458,P-98929,M-2022-15
PA-459,P-41647,M-2022-15
PA-460,P-70442,M-2022-15
PA-461,P-34205,M-2022-15
PA-462,P-21531,M-2022-16
PA-463,P-37860,M-2022-16
PA-464,P-02305,M-2022-16
PA-465,P-40137,M-2022-16
PA-466,P-74941,M-2022-16
PA-467,P-92004,M-2022-16
PA-468,P-92812,M-2022-16
PA-469,P-76060,M-2022-16
PA-470,P-70483,M-2022-16
PA-471,P-87008,M-2022-16
PA-472,P-05164,M-2022-16
PA-473,P-83169,M-2022-16
PA-474,P-68016,M-2022-16
PA-475,P-06446,M-2022-16
PA-476,P-97698,M-2022-16
PA-477,P-32798,M-2022-16
PA-478,P-24610,M-2022-16
PA-479,P-67641,M-2022-16
PA-480,P-54211,M-2022-16
PA-481,P-78056,M-2022-16
PA-482,P-89598,M-2022-16
PA-483,P-57535,M-2022-16
PA-484,P-27744,M-2022-16
PA-485,P-24245,M-2022-16
PA-486,P-85696,M-2022-16
PA-487,P-82143,M-2022-16
PA-488,P-98435,M-2022-16
PA-489,P-79900,M-2022-16
PA-490,P-33390,M-2022-16
PA-491,P-30283,M-2022-16
PA-492,P-63293,M-2022-16
PA-493,P-58363,M-2022-16
PA-494,P-53957,M-2022-17
PA-495,P-09113,M-2022-17
PA-496,P-98747,M-2022-17
PA-497,P-95374,M-2022-17
PA-498,P-45653,M-2022-17
PA-499,P-75785,M-2022-17
PA-500,P-28492,M-2022-17
PA-501,P-15905,M-2022-17
PA-502,P-98775,M-2022-17
PA-503,P-68842,M-2022-17
PA-504,P-74098,M-2022-17
PA-505,P-42215,M-2022-17
PA-506,P-29864,M-2022-17
PA-507,P-47137,M-2022-17
PA-508,P-85860,M-2022-17
PA-509,P-04541,M-2022-17
PA-510,P-92761,M-2022-17
PA-511,P-50398,M-2022-17
PA-512,P-63927,M-2022-17
PA-513,P-41198,M-2022-17
PA-514,P-46457,M-2022-17
PA-515,P-74707,M-2022-17
PA-516,P-57098,M-2022-17
PA-517,P-74888,M-2022-17
PA-518,P-10657,M-2022-17
PA-519,P-86951,M-2022-17
PA-520,P-56503,M-2022-17
PA-521,P-38105,M-2022-17
PA-522,P-31718,M-2022-17
PA-523,P-87190,M-2022-17
PA-524,P-94779,M-2022-17
PA-525,P-47319,M-2022-18
PA-526,P-33804,M-2022-18
PA-527,P-38732,M-2022-18
PA-528,P-01930,M-2022-18
PA-529,P-28811,M-2022-18
PA-530,P-95754,M-2022-18
PA-531,P-01258,M-2022-18
PA-532,P-97800,M-2022-18
PA-533,P-12810,M-2022-18
PA-534,P-63532,M-2022-18
PA-535,P-01077,M-2022-18
PA-536,P-17048,M-2022-18
PA-537,P-00052,M-2022-18
PA-538,P-42663,M-2022-18
PA-539,P-90689,M-2022-18
PA-540,P-61416,M-2022-18
PA-541,P-90626,M-2022-18
PA-542,P-33622,M-2022-18
PA-543,P-77769,M-2022-18
PA-544,P-09292,M-2022-18
PA-545,P-88928,M-2022-18
PA-546,P-27280,M-2022-18
PA-547,P-40621,M-2022-18
PA-548,P-54506,M-2022-18
PA-549,P-47321,M-2022-18
PA-550,P-96697,M-2022-18
PA-551,P-45399,M-2022-18
PA-552,P-33958,M-2022-18
PA-553,P-55298,M-2022-18
PA-554,P-37935,M-2022-18
PA-555,P-76835,M-2022-18
PA-556,P-82216,M-2022-19
PA-557,P-44851,M-2022-19
PA-558,P-52697,M-2022-19
PA-559,P-56347,M-2022-19
PA-560,P-29713,M-2022-19
PA-561,P-34543,M-2022-19
PA-562,P-56839,M-2022-19
PA-563,P-13973,M-2022-19
PA-564,P-73694,M-2022-19
PA-565,P-62543,M-2022-19
PA-566,P-02839,M-2022-19
PA-567,P-78091,M-2022-19
PA-568,P-96347,M-2022-19
PA-569,P-75912,M-2022-19
PA-570,P-64438,M-2022-19
PA-571,P-10326,M-2022-19
PA-572,P-44799,M-2022-19
PA-573,P-39861,M-2022-19
PA-574,P-27540,M-2022-19
PA-575,P-97615,M-2022-19
PA-576,P-28911,M-2022-19
PA-577,P-42078,M-2022-19
PA-578,P-35705,M-2022-19
PA-579,P-82000,M-2022-19
PA-580,P-74111,M-2022-19
PA-581,P-95036,M-2022-19
PA-582,P-17688,M-2022-19
PA-583,P-55965,M-2022-19
PA-584,P-56029,M-2022-19
PA-585,P-15674,M-2022-20
PA-586,P-21153,M-2022-20
PA-587,P-08169,M-2022-20
PA-588,P-58924,M-2022-20
PA-589,P-02465,M-2022-20
PA-590,P-90012,M-2022-20
PA-591,P-70618,M-2022-20
PA-592,P-59837,M-2022-20
PA-593,P-84787,M-2022-20
PA-594,P-76842,M-2022-20
PA-595,P-36400,M-2022-20
PA-596,P-21553,M-2022-20
PA-597,P-92628,M-2022-20
PA-598,P-25937,M-2022-20
PA-599,P-03484,M-2022-20
PA-600,P-14151,M-2022-20
PA-601,P-89452,M-2022-20
PA-602,P-68952,M-2022-20
PA-603,P-48265,M-2022-20
PA-604,P-59571,M-2022-20
PA-605,P-11737,M-2022-20
PA-606,P-26367,M-2022-20
PA-607,P-85878,M-2022-20
PA-608,P-70867,M-2022-20
PA-609,P-94647,M-2022-20
PA-610,P-48903,M-2022-20
PA-611,P-30252,M-2022-20
PA-612,P-68131,M-2022-20
PA-613,P-57029,M-2022-20
PA-614,P-27035,M-2022-21
PA-615,P-51118,M-2022-21
PA-616,P-59727,M-2022-21
PA-617,P-91029,M-2022-21
PA-618,P-82010,M-2022-21
PA-619,P-82945,M-2022-21
PA-620,P-34822,M-2022-21
PA-621,P-24134,M-2022-21
PA-622,P-35837,M-2022-21
PA-623,P-61979,M-2022-21
PA-624,P-20087,M-2022-21
PA-625,P-51406,M-2022-21
PA-626,P-95847,M-2022-21
PA-627,P-88273,M-2022-21
PA-628,P-10244,M-2022-21
PA-629,P-89217,M-2022-21
PA-630,P-64924,M-2022-21
PA-631,P-11879,M-2022-21
PA-632,P-32803,M-2022-21
PA-633,P-49094,M-2022-21
PA-634,P-11346,M-2022-21
PA-635,P-27079,M-2022-21
PA-636,P-42223,M-2022-21
PA-637,P-21865,M-2022-21
PA-638,P-29063,M-2022-21
PA-639,P-81706,M-2022-21
PA-640,P-25741,M-2022-21
PA-641,P-90867,M-2022-21
PA-642,P-47815,M-2022-21
PA-643,P-69793,M-2022-21
PA-644,P-73455,M-2022-21
PA-645,P-42160,M-2022-22
PA-646,P-14593,M-2022-22
PA-647,P-17099,M-2022-22
PA-648,P-23437,M-2022-22
PA-649,P-29046,M-2022-22
PA-650,P-83610,M-2022-22
PA-651,P-44780,M-2022-22
PA-652,P-45449,M-2022-22
PA-653,P-00549,M-2022-22
PA-654,P-12381,M-2022-22
PA-655,P-11013,M-2022-22
PA-656,P-31606,M-2022-22
PA-657,P-32165,M-2022-22
PA-658,P-08125,M-2022-22
PA-659,P-76864,M-2022-22
PA-660,P-45581,M-2022-22
PA-661,P-12335,M-2022-22
PA-662,P-94422,M-2022-22
PA-663,P-87284,M-2022-22
PA-664,P-89845,M-2022-22
PA-665,P-10907,M-2022-22
PA-666,P-70583,M-2022-22
PA-667,P-06789,M-2022-22
PA-668,P-20216,M-2022-22
PA-669,P-87569,M-2022-22
PA-670,P-85438,M-2022-22
PA-671,P-37308,M-2022-22
PA-672,P-84563,M-2022-22
PA-673,P-91268,M-2022-22
PA-674,P-43705,M-2022-23
PA-675,P-92135,M-2022-23
PA-676,P-85579,M-2022-23
PA-677,P-18923,M-2022-23
PA-678,P-29053,M-2022-23
PA-679,P-57782,M-2022-23
PA-680,P-72592,M-2022-23
PA-681,P-50104,M-2022-23
PA-682,P-98199,M-2022-23
PA-683,P-82877,M-2022-23
PA-684,P-70516,M-2022-23
PA-685,P-39995,M-2022-23
PA-686,P-49454,M-2022-23
PA-687,P-56182,M-2022-23
PA-688,P-58755,M-2022-23
PA-689,P-06614,M-2022-23
PA-690,P-97778,M-2022-23
PA-691,P-23304,M-2022-23
PA-692,P-89750,M-2022-23
PA-693,P-90908,M-2022-23
PA-694,P-09867,M-2022-23
PA-695,P-86920,M-2022-23
PA-696,P-78484,M-2022-23
PA-697,P-30711,M-2022-23
PA-698,P-64077,M-2022-23
PA-699,P-57401,M-2022-23
PA-700,P-54517,M-2022-23
PA-701,P-13613,M-2022-23
PA-702,P-03945,M-2022-23
PA-703,P-42326,M-2022-23
PA-704,P-73712,M-2022-24
PA-705,P-37314,M-2022-24
PA-706,P-42113,M-2022-24
PA-707,P-10739,M-2022-24
PA-708,P-71343,M-2022-24
PA-709,P-13162,M-2022-24
PA-710,P-81505,M-2022-24
PA-711,P-23070,M-2022-24
PA-712,P-14758,M-2022-24
PA-713,P-84430,M-2022-24
PA-714,P-91431,M-2022-24
PA-715,P-49114,M-2022-24
PA-716,P-40147,M-2022-24
PA-717,P-03265,M-2022-24
PA-718,P-79650,M-2022-24
PA-719,P-19776,M-2022-24
PA-720,P-73491,M-2022-24
PA-721,P-81433,M-2022-24
PA-722,P-38529,M-2022-24
PA-723,P-49806,M-2022-24
PA-724,P-80088,M-2022-24
PA-725,P-40312,M-2022-24
PA-726,P-64299,M-2022-24
PA-727,P-42911,M-2022-24
PA-728,P-57865,M-2022-24
PA-729,P-24705,M-2022-24
PA-730,P-36212,M-2022-24
PA-731,P-21208,M-2022-24
PA-732,P-80826,M-2022-24
PA-733,P-64182,M-2022-24
PA-734,P-09058,M-2022-24
PA-735,P-44957,M-2022-25
PA-736,P-09889,M-2022-25
PA-737,P-11767,M-2022-25
PA-738,P-71100,M-2022-25
PA-739,P-70812,M-2022-25
PA-740,P-57150,M-2022-25
PA-741,P-02556,M-2022-25
PA-742,P-97912,M-2022-25
PA-743,P-80986,M-2022-25
PA-744,P-81392,M-2022-25
PA-745,P-10740,M-2022-25
PA-746,P-32622,M-2022-25
PA-747,P-24978,M-2022-25
PA-748,P-12179,M-2022-25
PA-749,P-37984,M-2022-25
PA-750,P-46913,M-2022-25
PA-751,P-58907,M-2022-25
PA-752,P-53282,M-2022-25
PA-753,P-66906,M-2022-25
PA-754,P-35225,M-2022-25
PA-755,P-41902,M-2022-25
PA-756,P-86909,M-2022-25
PA-757,P-62952,M-2022-25
PA-758,P-05559,M-2022-25
PA-759,P-22633,M-2022-25
PA-760,P-75751,M-2022-25
PA-761,P-26303,M-2022-25
PA-762,P-64056,M-2022-25
PA-763,P-57586,M-2022-25
PA-764,P-45981,M-2022-25
PA-765,P-89321,M-2022-25
PA-766,P-70547,M-2022-26
PA-767,P-13975,M-2022-26
PA-768,P-56069,M-2022-26
PA-769,P-09658,M-2022-26
PA-770,P-48955,M-2022-26
PA-771,P-61810,M-2022-26
PA-772,P-72011,M-2022-26
PA-773,P-74337,M-2022-26
PA-774,P-72637,M-2022-26
PA-775,P-84852,M-2022-26
PA-776,P-22930,M-2022-26
PA-777,P-21652,M-2022-26
PA-778,P-47906,M-2022-26
PA-779,P-95312,M-2022-26
PA-780,P-64049,M-2022-26
PA-781,P-53048,M-2022-26
PA-782,P-48295,M-2022-26
PA-783,P-47490,M-2022-26
PA-784,P-23330,M-2022-26
PA-785,P-71023,M-2022-26
PA-786,P-91543,M-2022-26
PA-787,P-59033,M-2022-26
PA-788,P-14026,M-2022-26
PA-789,P-42517,M-2022-26
PA-790,P-45288,M-2022-26
PA-791,P-90423,M-2022-26
PA-792,P-09614,M-2022-26
PA-793,P-15566,M-2022-26
PA-794,P-40619,M-2022-26
PA-795,P-05265,M-2022-26
PA-796,P-26068,M-2022-26
PA-797,P-70715,M-2022-26
PA-798,P-55821,M-2022-27
PA-799,P-46263,M-2022-27
PA-800,P-96259,M-2022-27
PA-801,P-58061,M-2022-27
PA-802,P-48340,M-2022-27
PA-803,P-46358,M-2022-27
PA-804,P-28794,M-2022-27
PA-805,P-35706,M-2022-27
PA-806,P-03472,M-2022-27
PA-807,P-12635,M-2022-27
PA-808,P-85670,M-2022-27
PA-809,P-01925,M-2022-27
PA-810,P-42390,M-2022-27
PA-811,P-31806,M-2022-27
PA-812,P-27541,M-2022-27
PA-813,P-89710,M-2022-27
PA-814,P-79215,M-2022-27
PA-815,P-58420,M-2022-27
PA-816,P-16484,M-2022-27
PA-817,P-07670,M-2022-27
PA-818,P-65182,M-2022-27
PA-819,P-31643,M-2022-27
PA-820,P-99988,M-2022-27
PA-821,P-56297,M-2022-27
PA-822,P-64353,M-2022-27
PA-823,P-29491,M-2022-27
PA-824,P-26942,M-2022-27
PA-825,P-89948,M-2022-27
PA-826,P-93884,M-2022-27
PA-827,P-46461,M-2022-27
PA-828,P-84190,M-2022-27
PA-829,P-22160,M-2022-27
PA-830,P-46246,M-2022-28
PA-831,P-75989,M-2022-28
PA-832,P-79409,M-2022-28
PA-833,P-08896,M-2022-28
PA-834,P-18188,M-2022-28
PA-835,P-11933,M-2022-28
PA-836,P-30316,M-2022-28
PA-837,P-89863,M-2022-28
PA-838,P-47182,M-2022-28
PA-839,P-28154,M-2022-28
PA-840,P-19408,M-2022-28
PA-841,P-20804,M-2022-28
PA-842,P-51201,M-2022-28
PA-843,P-39464,M-2022-28
PA-844,P-71859,M-2022-28
PA-845,P-48737,M-2022-28
PA-846,P-01416,M-2022-28
PA-847,P-09400,M-2022-28
PA-848,P-49008,M-2022-28
PA-849,P-28010,M-2022-28
PA-850,P-71071,M-2022-28
PA-851,P-88433,M-2022-28
PA-852,P-37294,M-2022-28
PA-853,P-99025,M-2022-28
PA-854,P-29274,M-2022-28
PA-855,P-40007,M-2022-28
PA-856,P-24897,M-2022-28
PA-857,P-62341,M-2022-28
PA-858,P-94271,M-2022-28
PA-859,P-31301,M-2022-28
PA-860,P-68218,M-2022-28
PA-861,P-53452,M-2022-29
PA-862,P-51549,M-2022-29
PA-863,P-59303,M-2022-29
PA-864,P-06117,M-2022-29
PA-865,P-70357,M-2022-29
PA-866,P-47677,M-2022-29
PA-867,P-63923,M-2022-29
PA-868,P-34633,M-2022-29
PA-869,P-29115,M-2022-29
PA-870,P-39394,M-2022-29
PA-871,P-68058,M-2022-29
PA-872,P-93209,M-2022-29
PA-873,P-36707,M-2022-29
PA-874,P-20259,M-2022-29
PA-875,P-55367,M-2022-29
PA-876,P-38355,M-2022-29
PA-877,P-70515,M-2022-29
PA-878,P-89573,M-2022-29
PA-879,P-80738,M-2022-29
PA-880,P-78056,M-2022-29
PA-881,P-89598,M-2022-29
PA-882,P-57535,M-2022-29
PA-883,P-27744,M-2022-29
PA-884,P-24245,M-2022-29
PA-885,P-85696,M-2022-29
PA-886,P-19069,M-2022-29
PA-887,P-98435,M-2022-29
PA-888,P-79900,M-2022-29
PA-889,P-33390,M-2022-29
PA-890,P-30283,M-2022-29
PA-891,P-79754,M-2022-29
PA-892,P-58363,M-2022-29
PA-893,P-21820,M-2022-30
PA-894,P-82956,M-2022-30
PA-895,P-51990,M-2022-30
PA-896,P-01945,M-2022-30
PA-897,P-31765,M-2022-30
PA-898,P-59808,M-2022-30
PA-899,P-23821,M-2022-30
PA-900,P-92252,M-2022-30
PA-901,P-12913,M-2022-30
PA-902,P-28517,M-2022-30
PA-903,P-08359,M-2022-30
PA-904,P-07875,M-2022-30
PA-905,P-94579,M-2022-30
PA-906,P-50142,M-2022-30
PA-907,P-33325,M-2022-30
PA-908,P-53967,M-2022-30
PA-909,P-88360,M-2022-30
PA-910,P-87169,M-2022-30
PA-911,P-67516,M-2022-30
PA-912,P-82889,M-2022-30
PA-913,P-64292,M-2022-30
PA-914,P-87514,M-2022-30
PA-915,P-42523,M-2022-30
PA-916,P-07259,M-2022-30
PA-917,P-57511,M-2022-30
PA-918,P-14360,M-2022-30
PA-919,P-07233,M-2022-30
PA-920,P-10357,M-2022-30
PA-921,P-77335,M-2022-30
PA-922,P-92710,M-2022-30
PA-923,P-94500,M-2022-30
PA-924,P-21531,M-2022-31
PA-925,P-37860,M-2022-31
PA-926,P-02305,M-2022-31
PA-927,P-74941,M-2022-31
PA-928,P-74688,M-2022-31
PA-929,P-92004,M-2022-31
PA-930,P-92812,M-2022-31
PA-931,P-76060,M-2022-31
PA-932,P-55590,M-2022-31
PA-933,P-05164,M-2022-31
PA-934,P-83169,M-2022-31
PA-935,P-68016,M-2022-31
PA-936,P-06446,M-2022-31
PA-937,P-97698,M-2022-31
PA-938,P-32798,M-2022-31
PA-939,P-26953,M-2022-31
PA-940,P-32222,M-2022-31
PA-941,P-23925,M-2022-31
PA-942,P-19193,M-2022-31
PA-943,P-19075,M-2022-31
PA-944,P-29932,M-2022-31
PA-945,P-00244,M-2022-31
PA-946,P-68060,M-2022-31
PA-947,P-25593,M-2022-31
PA-948,P-43367,M-2022-31
PA-949,P-07180,M-2022-31
PA-950,P-63312,M-2022-31
PA-951,P-11878,M-2022-31
PA-952,P-20482,M-2022-31
PA-953,P-85823,M-2022-31
PA-954,P-38927,M-2022-31
PA-955,P-77224,M-2022-31
PA-956,P-16736,M-2022-32
PA-957,P-44689,M-2022-32
PA-958,P-54827,M-2022-32
PA-959,P-10712,M-2022-32
PA-960,P-39584,M-2022-32
PA-961,P-17931,M-2022-32
PA-962,P-67578,M-2022-32
PA-963,P-27349,M-2022-32
PA-964,P-87003,M-2022-32
PA-965,P-22983,M-2022-32
PA-966,P-57759,M-2022-32
PA-967,P-46583,M-2022-32
PA-968,P-81972,M-2022-32
PA-969,P-41647,M-2022-32
PA-970,P-70442,M-2022-32
PA-971,P-34205,M-2022-32
PA-972,P-58791,M-2022-32
PA-973,P-59138,M-2022-32
PA-974,P-20051,M-2022-32
PA-975,P-62594,M-2022-32
PA-976,P-65659,M-2022-32
PA-977,P-78440,M-2022-32
PA-978,P-70671,M-2022-32
PA-979,P-18885,M-2022-32
PA-980,P-90796,M-2022-32
PA-981,P-95062,M-2022-32
PA-982,P-00232,M-2022-32
PA-983,P-30486,M-2022-32
PA-984,P-05174,M-2022-32
PA-985,P-78932,M-2022-32
PA-986,P-46785,M-2022-32
PA-987,P-18564,M-2022-32
PA-988,P-82216,M-2022-33
PA-989,P-75628,M-2022-33
PA-990,P-44851,M-2022-33
PA-991,P-52697,M-2022-33
PA-992,P-28364,M-2022-33
PA-993,P-56347,M-2022-33
PA-994,P-13321,M-2022-33
PA-995,P-29713,M-2022-33
PA-996,P-13973,M-2022-33
PA-997,P-73694,M-2022-33
PA-998,P-62543,M-2022-33
PA-999,P-69217,M-2022-33
PA-1000,P-78091,M-2022-33
PA-1001,P-96347,M-2022-33
PA-1002,P-75912,M-2022-33
PA-1003,P-61416,M-2022-33
PA-1004,P-90626,M-2022-33
PA-1005,P-33622,M-2022-33
PA-1006,P-77769,M-2022-33
PA-1007,P-88928,M-2022-33
PA-1008,P-40621,M-2022-33
PA-1009,P-45280,M-2022-33
PA-1010,P-54506,M-2022-33
PA-1011,P-47321,M-2022-33
PA-1012,P-96697,M-2022-33
PA-1013,P-45399,M-2022-33
PA-1014,P-33958,M-2022-33
PA-1015,P-55298,M-2022-33
PA-1016,P-37935,M-2022-33
PA-1017,P-64438,M-2022-34
PA-1018,P-10326,M-2022-34
PA-1019,P-39861,M-2022-34
PA-1020,P-27540,M-2022-34
PA-1021,P-97615,M-2022-34
PA-1022,P-28911,M-2022-34
PA-1023,P-57087,M-2022-34
PA-1024,P-42078,M-2022-34
PA-1025,P-35705,M-2022-34
PA-1026,P-82000,M-2022-34
PA-1027,P-95763,M-2022-34
PA-1028,P-74111,M-2022-34
PA-1029,P-95036,M-2022-34
PA-1030,P-17688,M-2022-34
PA-1031,P-55965,M-2022-34
PA-1032,P-56029,M-2022-34
PA-1033,P-47319,M-2022-34
PA-1034,P-33804,M-2022-34
PA-1035,P-38732,M-2022-34
PA-1036,P-57100,M-2022-34
PA-1037,P-01930,M-2022-34
PA-1038,P-51678,M-2022-34
PA-1039,P-28811,M-2022-34
PA-1040,P-95754,M-2022-34
PA-1041,P-01258,M-2022-34
PA-1042,P-97800,M-2022-34
PA-1043,P-32949,M-2022-34
PA-1044,P-12810,M-2022-34
PA-1045,P-63532,M-2022-34
PA-1046,P-01077,M-2022-34
PA-1047,P-17048,M-2022-34
PA-1048,P-00052,M-2022-34
PA-1049,P-53957,M-2022-35
PA-1050,P-09113,M-2022-35
PA-1051,P-20998,M-2022-35
PA-1052,P-95374,M-2022-35
PA-1053,P-87786,M-2022-35
PA-1054,P-45653,M-2022-35
PA-1055,P-75785,M-2022-35
PA-1056,P-15905,M-2022-35
PA-1057,P-62858,M-2022-35
PA-1058,P-68842,M-2022-35
PA-1059,P-74098,M-2022-35
PA-1060,P-42215,M-2022-35
PA-1061,P-29864,M-2022-35
PA-1062,P-47137,M-2022-35
PA-1063,P-85860,M-2022-35
PA-1064,P-04541,M-2022-35
PA-1065,P-03484,M-2022-35
PA-1066,P-86410,M-2022-35
PA-1067,P-14151,M-2022-35
PA-1068,P-25925,M-2022-35
PA-1069,P-89452,M-2022-35
PA-1070,P-68952,M-2022-35
PA-1071,P-48265,M-2022-35
PA-1072,P-59571,M-2022-35
PA-1073,P-11737,M-2022-35
PA-1074,P-26367,M-2022-35
PA-1075,P-70867,M-2022-35
PA-1076,P-94647,M-2022-35
PA-1077,P-48903,M-2022-35
PA-1078,P-30252,M-2022-35
PA-1079,P-68131,M-2022-35
PA-1080,P-57029,M-2022-35
PA-1081,P-05318,M-2022-36
PA-1082,P-15674,M-2022-36
PA-1083,P-10501,M-2022-36
PA-1084,P-21153,M-2022-36
PA-1085,P-08169,M-2022-36
PA-1086,P-58924,M-2022-36
PA-1087,P-02465,M-2022-36
PA-1088,P-43567,M-2022-36
PA-1089,P-70618,M-2022-36
PA-1090,P-59837,M-2022-36
PA-1091,P-84787,M-2022-36
PA-1092,P-36400,M-2022-36
PA-1093,P-92628,M-2022-36
PA-1094,P-25937,M-2022-36
PA-1095,P-74071,M-2022-36
PA-1096,P-22844,M-2022-36
PA-1097,P-92761,M-2022-36
PA-1098,P-50398,M-2022-36
PA-1099,P-63927,M-2022-36
PA-1100,P-07137,M-2022-36
PA-1101,P-41198,M-2022-36
PA-1102,P-74707,M-2022-36
PA-1103,P-57098,M-2022-36
PA-1104,P-74888,M-2022-36
PA-1105,P-10657,M-2022-36
PA-1106,P-69082,M-2022-36
PA-1107,P-86951,M-2022-36
PA-1108,P-56503,M-2022-36
PA-1109,P-38105,M-2022-36
PA-1110,P-31718,M-2022-36
PA-1111,P-87190,M-2022-36
PA-1112,P-94779,M-2022-36
PA-1113,P-27035,M-2022-37
PA-1114,P-51118,M-2022-37
PA-1115,P-59727,M-2022-37
PA-1116,P-91029,M-2022-37
PA-1117,P-82010,M-2022-37
PA-1118,P-82945,M-2022-37
PA-1119,P-34822,M-2022-37
PA-1120,P-35837,M-2022-37
PA-1121,P-20087,M-2022-37
PA-1122,P-51406,M-2022-37
PA-1123,P-95847,M-2022-37
PA-1124,P-88273,M-2022-37
PA-1125,P-10244,M-2022-37
PA-1126,P-89217,M-2022-37
PA-1127,P-97422,M-2022-37
PA-1128,P-43705,M-2022-37
PA-1129,P-92135,M-2022-37
PA-1130,P-85579,M-2022-37
PA-1131,P-18923,M-2022-37
PA-1132,P-29053,M-2022-37
PA-1133,P-57782,M-2022-37
PA-1134,P-72592,M-2022-37
PA-1135,P-50104,M-2022-37
PA-1136,P-98199,M-2022-37
PA-1137,P-26593,M-2022-37
PA-1138,P-82877,M-2022-37
PA-1139,P-70516,M-2022-37
PA-1140,P-39995,M-2022-37
PA-1141,P-82313,M-2022-37
PA-1142,P-58755,M-2022-37
PA-1143,P-76468,M-2022-37
PA-1144,P-80996,M-2022-38
PA-1145,P-06614,M-2022-38
PA-1146,P-97778,M-2022-38
PA-1147,P-91324,M-2022-38
PA-1148,P-23304,M-2022-38
PA-1149,P-90908,M-2022-38
PA-1150,P-32431,M-2022-38
PA-1151,P-92987,M-2022-38
PA-1152,P-86920,M-2022-38
PA-1153,P-69594,M-2022-38
PA-1154,P-64077,M-2022-38
PA-1155,P-57401,M-2022-38
PA-1156,P-07089,M-2022-38
PA-1157,P-54517,M-2022-38
PA-1158,P-42326,M-2022-38
PA-1159,P-00465,M-2022-38
PA-1160,P-64924,M-2022-38
PA-1161,P-42575,M-2022-38
PA-1162,P-45680,M-2022-38
PA-1163,P-09569,M-2022-38
PA-1164,P-32803,M-2022-38
PA-1165,P-68161,M-2022-38
PA-1166,P-11346,M-2022-38
PA-1167,P-27079,M-2022-38
PA-1168,P-42223,M-2022-38
PA-1169,P-29063,M-2022-38
PA-1170,P-38981,M-2022-38
PA-1171,P-81706,M-2022-38
PA-1172,P-47815,M-2022-38
PA-1173,P-73455,M-2022-38
PA-1174,P-73712,M-2022-39
PA-1175,P-56659,M-2022-39
PA-1176,P-37314,M-2022-39
PA-1177,P-42113,M-2022-39
PA-1178,P-10739,M-2022-39
PA-1179,P-71343,M-2022-39
PA-1180,P-13162,M-2022-39
PA-1181,P-81505,M-2022-39
PA-1182,P-14758,M-2022-39
PA-1183,P-84430,M-2022-39
PA-1184,P-49114,M-2022-39
PA-1185,P-27582,M-2022-39
PA-1186,P-29298,M-2022-39
PA-1187,P-79650,M-2022-39
PA-1188,P-35173,M-2022-39
PA-1189,P-19776,M-2022-39
PA-1190,P-42160,M-2022-39
PA-1191,P-14593,M-2022-39
PA-1192,P-17099,M-2022-39
PA-1193,P-23437,M-2022-39
PA-1194,P-29046,M-2022-39
PA-1195,P-61813,M-2022-39
PA-1196,P-83610,M-2022-39
PA-1197,P-44780,M-2022-39
PA-1198,P-45449,M-2022-39
PA-1199,P-00549,M-2022-39
PA-1200,P-11013,M-2022-39
PA-1201,P-02071,M-2022-39
PA-1202,P-31606,M-2022-39
PA-1203,P-44699,M-2022-39
PA-1204,P-32165,M-2022-39
PA-1205,P-85630,M-2022-39
PA-1206,P-81433,M-2022-40
PA-1207,P-49806,M-2022-40
PA-1208,P-51689,M-2022-40
PA-1209,P-80088,M-2022-40
PA-1210,P-57865,M-2022-40
PA-1211,P-24705,M-2022-40
PA-1212,P-49482,M-2022-40
PA-1213,P-36212,M-2022-40
PA-1214,P-21208,M-2022-40
PA-1215,P-80826,M-2022-40
PA-1216,P-95198,M-2022-40
PA-1217,P-19618,M-2022-40
PA-1218,P-24062,M-2022-40
PA-1219,P-64182,M-2022-40
PA-1220,P-26546,M-2022-40
PA-1221,P-09058,M-2022-40
PA-1222,P-08125,M-2022-40
PA-1223,P-45581,M-2022-40
PA-1224,P-12335,M-2022-40
PA-1225,P-87284,M-2022-40
PA-1226,P-89845,M-2022-40
PA-1227,P-70583,M-2022-40
PA-1228,P-06789,M-2022-40
PA-1229,P-45413,M-2022-40
PA-1230,P-85438,M-2022-40
PA-1231,P-37308,M-2022-40
PA-1232,P-93173,M-2022-40
PA-1233,P-84563,M-2022-40
PA-1234,P-91268,M-2022-40
PA-1235,P-20388,M-2022-40
PA-1236,P-06750,M-2022-40
PA-1237,P-55821,M-2022-41
PA-1238,P-46263,M-2022-41
PA-1239,P-96259,M-2022-41
PA-1240,P-48340,M-2022-41
PA-1241,P-46358,M-2022-41
PA-1242,P-35706,M-2022-41
PA-1243,P-03472,M-2022-41
PA-1244,P-12635,M-2022-41
PA-1245,P-72399,M-2022-41
PA-1246,P-85670,M-2022-41
PA-1247,P-01925,M-2022-41
PA-1248,P-42390,M-2022-41
PA-1249,P-31806,M-2022-41
PA-1250,P-27541,M-2022-41
PA-1251,P-89710,M-2022-41
PA-1252,P-49915,M-2022-41
PA-1253,P-48295,M-2022-41
PA-1254,P-47490,M-2022-41
PA-1255,P-23330,M-2022-41
PA-1256,P-71023,M-2022-41
PA-1257,P-59033,M-2022-41
PA-1258,P-50688,M-2022-41
PA-1259,P-14026,M-2022-41
PA-1260,P-42517,M-2022-41
PA-1261,P-45288,M-2022-41
PA-1262,P-90423,M-2022-41
PA-1263,P-86644,M-2022-41
PA-1264,P-09614,M-2022-41
PA-1265,P-40619,M-2022-41
PA-1266,P-05265,M-2022-41
PA-1267,P-26068,M-2022-41
PA-1268,P-70715,M-2022-41
PA-1269,P-70547,M-2022-42
PA-1270,P-06338,M-2022-42
PA-1271,P-56069,M-2022-42
PA-1272,P-09658,M-2022-42
PA-1273,P-48955,M-2022-42
PA-1274,P-73834,M-2022-42
PA-1275,P-29578,M-2022-42
PA-1276,P-72011,M-2022-42
PA-1277,P-74337,M-2022-42
PA-1278,P-72637,M-2022-42
PA-1279,P-84852,M-2022-42
PA-1280,P-22930,M-2022-42
PA-1281,P-47906,M-2022-42
PA-1282,P-95312,M-2022-42
PA-1283,P-64049,M-2022-42
PA-1284,P-53048,M-2022-42
PA-1285,P-79215,M-2022-42
PA-1286,P-58420,M-2022-42
PA-1287,P-16484,M-2022-42
PA-1288,P-07670,M-2022-42
PA-1289,P-65182,M-2022-42
PA-1290,P-31643,M-2022-42
PA-1291,P-99988,M-2022-42
PA-1292,P-56297,M-2022-42
PA-1293,P-64353,M-2022-42
PA-1294,P-29491,M-2022-42
PA-1295,P-89948,M-2022-42
PA-1296,P-93884,M-2022-42
PA-1297,P-46461,M-2022-42
PA-1298,P-84190,M-2022-42
PA-1299,P-44957,M-2022-43
PA-1300,P-09889,M-2022-43
PA-1301,P-11767,M-2022-43
PA-1302,P-70812,M-2022-43
PA-1303,P-02556,M-2022-43
PA-1304,P-97912,M-2022-43
PA-1305,P-80986,M-2022-43
PA-1306,P-37189,M-2022-43
PA-1307,P-81392,M-2022-43
PA-1308,P-10740,M-2022-43
PA-1309,P-32622,M-2022-43
PA-1310,P-24978,M-2022-43
PA-1311,P-65777,M-2022-43
PA-1312,P-58669,M-2022-43
PA-1313,P-37984,M-2022-43
PA-1314,P-23993,M-2022-43
PA-1315,P-46246,M-2022-43
PA-1316,P-36126,M-2022-43
PA-1317,P-75989,M-2022-43
PA-1318,P-79409,M-2022-43
PA-1319,P-63673,M-2022-43
PA-1320,P-08896,M-2022-43
PA-1321,P-77743,M-2022-43
PA-1322,P-30316,M-2022-43
PA-1323,P-89863,M-2022-43
PA-1324,P-47182,M-2022-43
PA-1325,P-28154,M-2022-43
PA-1326,P-19408,M-2022-43
PA-1327,P-20804,M-2022-43
PA-1328,P-51201,M-2022-43
PA-1329,P-39464,M-2022-43
PA-1330,P-48737,M-2022-43
PA-1331,P-46913,M-2022-44
PA-1332,P-58907,M-2022-44
PA-1333,P-53282,M-2022-44
PA-1334,P-66906,M-2022-44
PA-1335,P-35225,M-2022-44
PA-1336,P-86909,M-2022-44
PA-1337,P-62952,M-2022-44
PA-1338,P-39942,M-2022-44
PA-1339,P-30206,M-2022-44
PA-1340,P-22633,M-2022-44
PA-1341,P-75751,M-2022-44
PA-1342,P-26303,M-2022-44
PA-1343,P-82447,M-2022-44
PA-1344,P-77382,M-2022-44
PA-1345,P-68429,M-2022-44
PA-1346,P-89321,M-2022-44
PA-1347,P-01416,M-2022-44
PA-1348,P-09400,M-2022-44
PA-1349,P-60716,M-2022-44
PA-1350,P-49008,M-2022-44
PA-1351,P-28010,M-2022-44
PA-1352,P-71071,M-2022-44
PA-1353,P-33854,M-2022-44
PA-1354,P-88433,M-2022-44
PA-1355,P-29274,M-2022-44
PA-1356,P-40007,M-2022-44
PA-1357,P-24897,M-2022-44
PA-1358,P-62341,M-2022-44
PA-1359,P-94271,M-2022-44
PA-1360,P-31301,M-2022-44
PA-1361,P-16333,M-2022-44
PA-1362,P-68218,M-2022-44
PA-1363,P-21820,M-2022-45
PA-1364,P-82956,M-2022-45
PA-1365,P-51990,M-2022-45
PA-1366,P-01945,M-2022-45
PA-1367,P-31765,M-2022-45
PA-1368,P-72363,M-2022-45
PA-1369,P-62854,M-2022-45
PA-1370,P-23821,M-2022-45
PA-1371,P-92252,M-2022-45
PA-1372,P-07875,M-2022-45
PA-1373,P-94579,M-2022-45
PA-1374,P-50142,M-2022-45
PA-1375,P-36105,M-2022-45
PA-1376,P-14179,M-2022-45
PA-1377,P-33325,M-2022-45
PA-1378,P-53967,M-2022-45
PA-1379,P-58791,M-2022-45
PA-1380,P-24667,M-2022-45
PA-1381,P-59138,M-2022-45
PA-1382,P-20051,M-2022-45
PA-1383,P-62594,M-2022-45
PA-1384,P-65659,M-2022-45
PA-1385,P-70671,M-2022-45
PA-1386,P-18885,M-2022-45
PA-1387,P-90796,M-2022-45
PA-1388,P-95062,M-2022-45
PA-1389,P-00232,M-2022-45
PA-1390,P-30486,M-2022-45
PA-1391,P-05174,M-2022-45
PA-1392,P-78932,M-2022-45
PA-1393,P-46785,M-2022-45
PA-1394,P-86878,M-2022-45
PA-1395,P-16736,M-2022-46
PA-1396,P-44689,M-2022-46
PA-1397,P-54827,M-2022-46
PA-1398,P-41603,M-2022-46
PA-1399,P-05304,M-2022-46
PA-1400,P-27349,M-2022-46
PA-1401,P-31133,M-2022-46
PA-1402,P-22983,M-2022-46
PA-1403,P-57759,M-2022-46
PA-1404,P-46583,M-2022-46
PA-1405,P-81972,M-2022-46
PA-1406,P-70442,M-2022-46
PA-1407,P-33280,M-2022-46
PA-1408,P-05289,M-2022-46
PA-1409,P-34205,M-2022-46
PA-1410,P-89266,M-2022-46
PA-1411,P-87169,M-2022-46
PA-1412,P-58692,M-2022-46
PA-1413,P-67516,M-2022-46
PA-1414,P-82889,M-2022-46
PA-1415,P-61172,M-2022-46
PA-1416,P-64292,M-2022-46
PA-1417,P-87514,M-2022-46
PA-1418,P-42523,M-2022-46
PA-1419,P-07259,M-2022-46
PA-1420,P-57511,M-2022-46
PA-1421,P-93920,M-2022-46
PA-1422,P-07233,M-2022-46
PA-1423,P-77335,M-2022-46
PA-1424,P-92710,M-2022-46
PA-1425,P-05917,M-2022-46
PA-1426,P-09441,M-2022-47
PA-1427,P-37860,M-2022-47
PA-1428,P-14060,M-2022-47
PA-1429,P-89248,M-2022-47
PA-1430,P-77071,M-2022-47
PA-1431,P-74941,M-2022-47
PA-1432,P-74688,M-2022-47
PA-1433,P-92004,M-2022-47
PA-1434,P-76060,M-2022-47
PA-1435,P-70483,M-2022-47
PA-1436,P-55590,M-2022-47
PA-1437,P-15197,M-2022-47
PA-1438,P-83169,M-2022-47
PA-1439,P-42740,M-2022-47
PA-1440,P-06446,M-2022-47
PA-1441,P-26953,M-2022-47
PA-1442,P-53452,M-2022-47
PA-1443,P-06117,M-2022-47
PA-1444,P-02759,M-2022-47
PA-1445,P-70357,M-2022-47
PA-1446,P-47677,M-2022-47
PA-1447,P-29115,M-2022-47
PA-1448,P-39394,M-2022-47
PA-1449,P-27913,M-2022-47
PA-1450,P-32773,M-2022-47
PA-1451,P-62618,M-2022-47
PA-1452,P-20259,M-2022-47
PA-1453,P-55367,M-2022-47
PA-1454,P-74894,M-2022-47
PA-1455,P-38355,M-2022-47
PA-1456,P-24610,M-2022-48
PA-1457,P-62033,M-2022-48
PA-1458,P-80738,M-2022-48
PA-1459,P-78056,M-2022-48
PA-1460,P-89598,M-2022-48
PA-1461,P-57535,M-2022-48
PA-1462,P-27744,M-2022-48
PA-1463,P-24245,M-2022-48
PA-1464,P-85696,M-2022-48
PA-1465,P-98435,M-2022-48
PA-1466,P-79900,M-2022-48
PA-1467,P-33390,M-2022-48
PA-1468,P-30283,M-2022-48
PA-1469,P-63293,M-2022-48
PA-1470,P-79754,M-2022-48
PA-1471,P-58363,M-2022-48
PA-1472,P-23925,M-2022-48
PA-1473,P-19075,M-2022-48
PA-1474,P-71875,M-2022-48
PA-1475,P-29932,M-2022-48
PA-1476,P-68060,M-2022-48
PA-1477,P-06076,M-2022-48
PA-1478,P-85577,M-2022-48
PA-1479,P-43367,M-2022-48
PA-1480,P-25131,M-2022-48
PA-1481,P-39460,M-2022-48
PA-1482,P-11878,M-2022-48
PA-1483,P-85823,M-2022-48
PA-1484,P-38927,M-2022-48
PA-1485,P-77224,M-2022-48
PA-1486,P-83560,M-2022-48
PA-1487,P-64438,M-2022-49
PA-1488,P-44799,M-2022-49
PA-1489,P-39861,M-2022-49
PA-1490,P-27540,M-2022-49
PA-1491,P-97615,M-2022-49
PA-1492,P-28911,M-2022-49
PA-1493,P-42078,M-2022-49
PA-1494,P-35705,M-2022-49
PA-1495,P-82000,M-2022-49
PA-1496,P-34458,M-2022-49
PA-1497,P-74111,M-2022-49
PA-1498,P-95036,M-2022-49
PA-1499,P-17688,M-2022-49
PA-1500,P-73572,M-2022-49
PA-1501,P-55965,M-2022-49
PA-1502,P-56029,M-2022-49
PA-1503,P-03484,M-2022-49
PA-1504,P-14151,M-2022-49
PA-1505,P-89452,M-2022-49
PA-1506,P-34132,M-2022-49
PA-1507,P-68952,M-2022-49
PA-1508,P-77402,M-2022-49
PA-1509,P-59571,M-2022-49
PA-1510,P-11737,M-2022-49
PA-1511,P-26367,M-2022-49
PA-1512,P-85878,M-2022-49
PA-1513,P-70867,M-2022-49
PA-1514,P-48903,M-2022-49
PA-1515,P-30252,M-2022-49
PA-1516,P-68131,M-2022-49
PA-1517,P-95273,M-2022-49
PA-1518,P-57029,M-2022-49
PA-1519,P-73712,M-2022-50
PA-1520,P-37314,M-2022-50
PA-1521,P-10739,M-2022-50
PA-1522,P-10231,M-2022-50
PA-1523,P-71343,M-2022-50
PA-1524,P-13162,M-2022-50
PA-1525,P-81505,M-2022-50
PA-1526,P-23070,M-2022-50
PA-1527,P-14758,M-2022-50
PA-1528,P-84430,M-2022-50
PA-1529,P-91431,M-2022-50
PA-1530,P-49114,M-2022-50
PA-1531,P-40147,M-2022-50
PA-1532,P-79650,M-2022-50
PA-1533,P-35173,M-2022-50
PA-1534,P-19776,M-2022-50
PA-1535,P-27035,M-2022-50
PA-1536,P-51118,M-2022-50
PA-1537,P-59727,M-2022-50
PA-1538,P-91029,M-2022-50
PA-1539,P-82010,M-2022-50
PA-1540,P-82945,M-2022-50
PA-1541,P-34822,M-2022-50
PA-1542,P-24134,M-2022-50
PA-1543,P-05864,M-2022-50
PA-1544,P-35837,M-2022-50
PA-1545,P-20087,M-2022-50
PA-1546,P-51406,M-2022-50
PA-1547,P-95847,M-2022-50
PA-1548,P-88273,M-2022-50
PA-1549,P-10244,M-2022-50
PA-1550,P-89217,M-2022-50
PA-1551,P-06614,M-2022-51
PA-1552,P-97778,M-2022-51
PA-1553,P-91324,M-2022-51
PA-1554,P-23304,M-2022-51
PA-1555,P-89750,M-2022-51
PA-1556,P-90908,M-2022-51
PA-1557,P-09867,M-2022-51
PA-1558,P-78484,M-2022-51
PA-1559,P-30711,M-2022-51
PA-1560,P-64077,M-2022-51
PA-1561,P-57401,M-2022-51
PA-1562,P-54517,M-2022-51
PA-1563,P-13613,M-2022-51
PA-1564,P-03945,M-2022-51
PA-1565,P-42326,M-2022-51
PA-1566,P-10172,M-2022-51
PA-1567,P-42160,M-2022-51
PA-1568,P-14593,M-2022-51
PA-1569,P-17099,M-2022-51
PA-1570,P-23437,M-2022-51
PA-1571,P-29046,M-2022-51
PA-1572,P-64261,M-2022-51
PA-1573,P-83610,M-2022-51
PA-1574,P-44780,M-2022-51
PA-1575,P-45449,M-2022-51
PA-1576,P-00549,M-2022-51
PA-1577,P-12381,M-2022-51
PA-1578,P-31606,M-2022-51
PA-1579,P-65512,M-2022-51
PA-1580,P-40498,M-2022-51
PA-1581,P-32165,M-2022-51
PA-1582,P-15674,M-2022-52
PA-1583,P-31219,M-2022-52
PA-1584,P-10501,M-2022-52
PA-1585,P-21153,M-2022-52
PA-1586,P-08169,M-2022-52
PA-1587,P-58924,M-2022-52
PA-1588,P-02465,M-2022-52
PA-1589,P-90012,M-2022-52
PA-1590,P-43567,M-2022-52
PA-1591,P-70618,M-2022-52
PA-1592,P-59837,M-2022-52
PA-1593,P-84787,M-2022-52
PA-1594,P-76842,M-2022-52
PA-1595,P-36400,M-2022-52
PA-1596,P-92628,M-2022-52
PA-1597,P-74071,M-2022-52
PA-1598,P-86095,M-2022-52
PA-1599,P-61416,M-2022-52
PA-1600,P-33622,M-2022-52
PA-1601,P-77769,M-2022-52
PA-1602,P-09292,M-2022-52
PA-1603,P-88928,M-2022-52
PA-1604,P-27280,M-2022-52
PA-1605,P-45280,M-2022-52
PA-1606,P-54506,M-2022-52
PA-1607,P-47321,M-2022-52
PA-1608,P-96697,M-2022-52
PA-1609,P-45399,M-2022-52
PA-1610,P-33958,M-2022-52
PA-1611,P-55298,M-2022-52
PA-1612,P-37935,M-2022-52
PA-1613,P-76835,M-2022-52
PA-1614,P-95766,M-2022-53
PA-1615,P-79215,M-2022-53
PA-1616,P-99461,M-2022-53
PA-1617,P-58420,M-2022-53
PA-1618,P-16484,M-2022-53
PA-1619,P-07670,M-2022-53
PA-1620,P-65182,M-2022-53
PA-1621,P-31643,M-2022-53
PA-1622,P-99988,M-2022-53
PA-1623,P-56297,M-2022-53
PA-1624,P-64353,M-2022-53
PA-1625,P-29491,M-2022-53
PA-1626,P-26942,M-2022-53
PA-1627,P-89948,M-2022-53
PA-1628,P-93884,M-2022-53
PA-1629,P-46461,M-2022-53
PA-1630,P-22160,M-2022-53
PA-1631,P-46913,M-2022-53
PA-1632,P-58907,M-2022-53
PA-1633,P-53282,M-2022-53
PA-1634,P-66906,M-2022-53
PA-1635,P-86909,M-2022-53
PA-1636,P-62952,M-2022-53
PA-1637,P-30206,M-2022-53
PA-1638,P-05559,M-2022-53
PA-1639,P-22633,M-2022-53
PA-1640,P-75751,M-2022-53
PA-1641,P-26303,M-2022-53
PA-1642,P-56398,M-2022-53
PA-1643,P-82447,M-2022-53
PA-1644,P-77382,M-2022-53
PA-1645,P-68429,M-2022-53
PA-1646,P-89321,M-2022-53
PA-1647,P-21531,M-2022-54
PA-1648,P-09441,M-2022-54
PA-1649,P-14060,M-2022-54
PA-1650,P-02305,M-2022-54
PA-1651,P-40137,M-2022-54
PA-1652,P-92812,M-2022-54
PA-1653,P-76060,M-2022-54
PA-1654,P-70483,M-2022-54
PA-1655,P-55590,M-2022-54
PA-1656,P-87008,M-2022-54
PA-1657,P-05164,M-2022-54
PA-1658,P-83169,M-2022-54
PA-1659,P-68016,M-2022-54
PA-1660,P-06446,M-2022-54
PA-1661,P-32798,M-2022-54
PA-1662,P-66020,M-2022-54
PA-1663,P-87169,M-2022-54
PA-1664,P-91889,M-2022-54
PA-1665,P-58692,M-2022-54
PA-1666,P-67516,M-2022-54
PA-1667,P-82889,M-2022-54
PA-1668,P-61172,M-2022-54
PA-1669,P-64292,M-2022-54
PA-1670,P-87514,M-2022-54
PA-1671,P-42523,M-2022-54
PA-1672,P-07259,M-2022-54
PA-1673,P-93920,M-2022-54
PA-1674,P-14360,M-2022-54
PA-1675,P-07233,M-2022-54
PA-1676,P-32599,M-2022-54
PA-1677,P-77335,M-2022-54
PA-1678,P-92710,M-2022-54
PA-1679,P-47490,M-2022-55
PA-1680,P-23330,M-2022-55
PA-1681,P-71023,M-2022-55
PA-1682,P-91543,M-2022-55
PA-1683,P-00597,M-2022-55
PA-1684,P-59033,M-2022-55
PA-1685,P-50688,M-2022-55
PA-1686,P-05216,M-2022-55
PA-1687,P-14026,M-2022-55
PA-1688,P-42517,M-2022-55
PA-1689,P-21052,M-2022-55
PA-1690,P-45288,M-2022-55
PA-1691,P-09614,M-2022-55
PA-1692,P-40619,M-2022-55
PA-1693,P-05265,M-2022-55
PA-1694,P-26068,M-2022-55
PA-1695,P-70715,M-2022-55
PA-1696,P-01416,M-2022-55
PA-1697,P-09400,M-2022-55
PA-1698,P-49008,M-2022-55
PA-1699,P-28010,M-2022-55
PA-1700,P-33854,M-2022-55
PA-1701,P-88433,M-2022-55
PA-1702,P-99025,M-2022-55
PA-1703,P-86871,M-2022-55
PA-1704,P-29274,M-2022-55
PA-1705,P-40007,M-2022-55
PA-1706,P-24897,M-2022-55
PA-1707,P-62341,M-2022-55
PA-1708,P-81427,M-2022-55
PA-1709,P-94271,M-2022-55
PA-1710,P-30405,M-2022-55
PA-1711,P-31301,M-2022-55
PA-1712,P-68218,M-2022-55
PA-1713,P-44689,M-2022-56
PA-1714,P-54827,M-2022-56
PA-1715,P-41603,M-2022-56
PA-1716,P-10712,M-2022-56
PA-1717,P-39584,M-2022-56
PA-1718,P-17931,M-2022-56
PA-1719,P-67578,M-2022-56
PA-1720,P-05304,M-2022-56
PA-1721,P-27349,M-2022-56
PA-1722,P-22983,M-2022-56
PA-1723,P-78787,M-2022-56
PA-1724,P-81972,M-2022-56
PA-1725,P-41647,M-2022-56
PA-1726,P-70442,M-2022-56
PA-1727,P-34205,M-2022-56
PA-1728,P-89266,M-2022-56
PA-1729,P-23925,M-2022-56
PA-1730,P-56868,M-2022-56
PA-1731,P-19075,M-2022-56
PA-1732,P-29932,M-2022-56
PA-1733,P-68060,M-2022-56
PA-1734,P-17496,M-2022-56
PA-1735,P-85577,M-2022-56
PA-1736,P-43367,M-2022-56
PA-1737,P-25131,M-2022-56
PA-1738,P-07180,M-2022-56
PA-1739,P-39460,M-2022-56
PA-1740,P-63312,M-2022-56
PA-1741,P-11878,M-2022-56
PA-1742,P-85823,M-2022-56
PA-1743,P-77224,M-2022-56
PA-1744,P-83560,M-2022-56
PA-1745,P-21531,M-2022-57
PA-1746,P-37860,M-2022-57
PA-1747,P-02305,M-2022-57
PA-1748,P-40137,M-2022-57
PA-1749,P-74941,M-2022-57
PA-1750,P-92812,M-2022-57
PA-1751,P-76060,M-2022-57
PA-1752,P-55590,M-2022-57
PA-1753,P-87008,M-2022-57
PA-1754,P-05164,M-2022-57
PA-1755,P-15197,M-2022-57
PA-1756,P-83169,M-2022-57
PA-1757,P-68016,M-2022-57
PA-1758,P-06446,M-2022-57
PA-1759,P-97698,M-2022-57
PA-1760,P-32798,M-2022-57
PA-1761,P-79215,M-2022-57
PA-1762,P-99461,M-2022-57
PA-1763,P-58420,M-2022-57
PA-1764,P-16484,M-2022-57
PA-1765,P-07670,M-2022-57
PA-1766,P-65182,M-2022-57
PA-1767,P-99988,M-2022-57
PA-1768,P-56297,M-2022-57
PA-1769,P-64353,M-2022-57
PA-1770,P-29491,M-2022-57
PA-1771,P-26942,M-2022-57
PA-1772,P-89948,M-2022-57
PA-1773,P-93884,M-2022-57
PA-1774,P-46461,M-2022-57
PA-1775,P-84190,M-2022-57
PA-1776,P-22160,M-2022-57
PA-1777,P-73712,M-2022-58
PA-1778,P-37314,M-2022-58
PA-1779,P-42113,M-2022-58
PA-1780,P-10739,M-2022-58
PA-1781,P-71343,M-2022-58
PA-1782,P-13162,M-2022-58
PA-1783,P-81505,M-2022-58
PA-1784,P-23070,M-2022-58
PA-1785,P-14758,M-2022-58
PA-1786,P-84430,M-2022-58
PA-1787,P-91431,M-2022-58
PA-1788,P-49114,M-2022-58
PA-1789,P-27582,M-2022-58
PA-1790,P-29298,M-2022-58
PA-1791,P-79650,M-2022-58
PA-1792,P-35173,M-2022-58
PA-1793,P-19776,M-2022-58
PA-1794,P-64438,M-2022-58
PA-1795,P-10326,M-2022-58
PA-1796,P-44799,M-2022-58
PA-1797,P-39861,M-2022-58
PA-1798,P-27540,M-2022-58
PA-1799,P-97615,M-2022-58
PA-1800,P-28911,M-2022-58
PA-1801,P-35705,M-2022-58
PA-1802,P-57903,M-2022-58
PA-1803,P-82000,M-2022-58
PA-1804,P-74111,M-2022-58
PA-1805,P-95036,M-2022-58
PA-1806,P-17688,M-2022-58
PA-1807,P-64551,M-2022-58
PA-1808,P-55965,M-2022-58
PA-1809,P-56029,M-2022-58
PA-1810,P-48295,M-2022-59
PA-1811,P-23330,M-2022-59
PA-1812,P-71023,M-2022-59
PA-1813,P-91543,M-2022-59
PA-1814,P-00597,M-2022-59
PA-1815,P-59033,M-2022-59
PA-1816,P-50688,M-2022-59
PA-1817,P-05216,M-2022-59
PA-1818,P-52013,M-2022-59
PA-1819,P-14026,M-2022-59
PA-1820,P-42517,M-2022-59
PA-1821,P-45288,M-2022-59
PA-1822,P-86644,M-2022-59
PA-1823,P-40619,M-2022-59
PA-1824,P-26068,M-2022-59
PA-1825,P-70715,M-2022-59
PA-1826,P-16736,M-2022-59
PA-1827,P-54827,M-2022-59
PA-1828,P-41603,M-2022-59
PA-1829,P-10712,M-2022-59
PA-1830,P-39584,M-2022-59
PA-1831,P-17931,M-2022-59
PA-1832,P-67578,M-2022-59
PA-1833,P-05304,M-2022-59
PA-1834,P-27349,M-2022-59
PA-1835,P-22983,M-2022-59
PA-1836,P-78787,M-2022-59
PA-1837,P-81972,M-2022-59
PA-1838,P-41647,M-2022-59
PA-1839,P-70442,M-2022-59
PA-1840,P-34205,M-2022-59
PA-1841,P-89266,M-2022-59
PA-1842,P-15674,M-2022-60
PA-1843,P-10501,M-2022-60
PA-1844,P-21153,M-2022-60
PA-1845,P-08169,M-2022-60
PA-1846,P-58924,M-2022-60
PA-1847,P-02465,M-2022-60
PA-1848,P-90012,M-2022-60
PA-1849,P-70618,M-2022-60
PA-1850,P-59837,M-2022-60
PA-1851,P-84787,M-2022-60
PA-1852,P-76842,M-2022-60
PA-1853,P-36400,M-2022-60
PA-1854,P-21553,M-2022-60
PA-1855,P-92628,M-2022-60
PA-1856,P-74071,M-2022-60
PA-1857,P-06614,M-2022-60
PA-1858,P-97778,M-2022-60
PA-1859,P-89750,M-2022-60
PA-1860,P-90908,M-2022-60
PA-1861,P-09867,M-2022-60
PA-1862,P-78484,M-2022-60
PA-1863,P-30711,M-2022-60
PA-1864,P-64077,M-2022-60
PA-1865,P-57401,M-2022-60
PA-1866,P-54517,M-2022-60
PA-1867,P-03945,M-2022-60
PA-1868,P-42326,M-2022-60
PA-1869,P-92353,M-2022-61
PA-1870,P-37314,M-2022-61
PA-1871,P-28151,M-2022-61
PA-1872,P-10739,M-2022-61
PA-1873,P-00652,M-2022-61
PA-1874,P-71343,M-2022-61
PA-1875,P-13162,M-2022-61
PA-1876,P-23070,M-2022-61
PA-1877,P-14758,M-2022-61
PA-1878,P-84430,M-2022-61
PA-1879,P-49114,M-2022-61
PA-1880,P-40147,M-2022-61
PA-1881,P-27582,M-2022-61
PA-1882,P-79650,M-2022-61
PA-1883,P-35173,M-2022-61
PA-1884,P-19776,M-2022-61
PA-1885,P-79215,M-2022-61
PA-1886,P-58420,M-2022-61
PA-1887,P-16484,M-2022-61
PA-1888,P-07670,M-2022-61
PA-1889,P-65182,M-2022-61
PA-1890,P-31643,M-2022-61
PA-1891,P-99988,M-2022-61
PA-1892,P-56297,M-2022-61
PA-1893,P-64353,M-2022-61
PA-1894,P-29491,M-2022-61
PA-1895,P-26942,M-2022-61
PA-1896,P-89948,M-2022-61
PA-1897,P-93884,M-2022-61
PA-1898,P-46461,M-2022-61
PA-1899,P-84190,M-2022-61
PA-1900,P-22160,M-2022-61
PA-1901,P-97778,M-2022-62
PA-1902,P-23304,M-2022-62
PA-1903,P-89750,M-2022-62
PA-1904,P-90908,M-2022-62
PA-1905,P-09867,M-2022-62
PA-1906,P-92987,M-2022-62
PA-1907,P-86920,M-2022-62
PA-1908,P-78484,M-2022-62
PA-1909,P-30711,M-2022-62
PA-1910,P-64077,M-2022-62
PA-1911,P-54517,M-2022-62
PA-1912,P-13613,M-2022-62
PA-1913,P-42326,M-2022-62
PA-1914,P-48295,M-2022-62
PA-1915,P-23330,M-2022-62
PA-1916,P-71023,M-2022-62
PA-1917,P-91543,M-2022-62
PA-1918,P-59033,M-2022-62
PA-1919,P-50688,M-2022-62
PA-1920,P-52013,M-2022-62
PA-1921,P-14026,M-2022-62
PA-1922,P-42517,M-2022-62
PA-1923,P-21052,M-2022-62
PA-1924,P-45288,M-2022-62
PA-1925,P-90423,M-2022-62
PA-1926,P-09614,M-2022-62
PA-1927,P-40619,M-2022-62
PA-1928,P-26068,M-2022-62
PA-1929,P-70715,M-2022-62
PA-1930,P-58420,M-2022-63
PA-1931,P-86466,M-2022-63
PA-1932,P-07670,M-2022-63
PA-1933,P-65182,M-2022-63
PA-1934,P-31643,M-2022-63
PA-1935,P-99988,M-2022-63
PA-1936,P-64353,M-2022-63
PA-1937,P-29491,M-2022-63
PA-1938,P-26942,M-2022-63
PA-1939,P-89948,M-2022-63
PA-1940,P-93884,M-2022-63
PA-1941,P-46461,M-2022-63
PA-1942,P-91350,M-2022-63
PA-1943,P-22160,M-2022-63
PA-1944,P-57417,M-2022-63
PA-1945,P-23330,M-2022-63
PA-1946,P-71023,M-2022-63
PA-1947,P-91543,M-2022-63
PA-1948,P-00597,M-2022-63
PA-1949,P-59033,M-2022-63
PA-1950,P-50688,M-2022-63
PA-1951,P-87409,M-2022-63
PA-1952,P-52013,M-2022-63
PA-1953,P-80656,M-2022-63
PA-1954,P-14026,M-2022-63
PA-1955,P-42517,M-2022-63
PA-1956,P-45288,M-2022-63
PA-1957,P-40619,M-2022-63
PA-1958,P-05265,M-2022-63
PA-1959,P-94093,M-2022-63
PA-1960,P-70715,M-2022-63
PA-1961,P-73712,M-2022-64
PA-1962,P-37314,M-2022-64
PA-1963,P-42113,M-2022-64
PA-1964,P-28151,M-2022-64
PA-1965,P-10739,M-2022-64
PA-1966,P-71343,M-2022-64
PA-1967,P-13162,M-2022-64
PA-1968,P-81505,M-2022-64
PA-1969,P-14758,M-2022-64
PA-1970,P-84430,M-2022-64
PA-1971,P-91431,M-2022-64
PA-1972,P-49114,M-2022-64
PA-1973,P-27582,M-2022-64
PA-1974,P-29298,M-2022-64
PA-1975,P-79650,M-2022-64
PA-1976,P-35173,M-2022-64
PA-1977,P-19776,M-2022-64
PA-1978,P-80996,M-2022-64
PA-1979,P-06614,M-2022-64
PA-1980,P-97778,M-2022-64
PA-1981,P-91324,M-2022-64
PA-1982,P-23304,M-2022-64
PA-1983,P-89750,M-2022-64
PA-1984,P-90908,M-2022-64
PA-1985,P-09867,M-2022-64
PA-1986,P-92987,M-2022-64
PA-1987,P-86920,M-2022-64
PA-1988,P-78484,M-2022-64
PA-1989,P-30711,M-2022-64
PA-1990,P-64077,M-2022-64
PA-1991,P-57401,M-2022-64
PA-1992,P-54517,M-2022-64
PA-1993,P-13613,M-2022-64
PA-1994,P-03945,M-2022-64
PA-1995,P-42326,M-2022-64
